"Date","FileName","Path"
"2026/01/27 14:55:50","current_bible_files.csv","C:\Users\user\Desktop\current_bible_files.csv"
"2026/01/27 12:38:39","タイトル.txt","C:\Users\user\Desktop\タイトル.txt"
"2026/01/27 12:24:48","filelist_temp.txt","C:\Users\user\Desktop\filelist_temp.txt"
"2026/01/27 11:46:58","保管庫","C:\Users\user\Desktop\保管庫"
"2026/01/27 11:43:31","インスタ投稿.pdf","C:\Users\user\Desktop\インスタ投稿.pdf"
"2026/01/27 11:42:03","instagram_analysis_20260123_110654.csv","C:\Users\user\Desktop\instagram_analysis_20260123_110654.csv"
"2026/01/26 17:41:26","小説朗読","C:\Users\user\Desktop\保管庫\ユニコの脳みそ\00\小説朗読"
"2026/01/26 17:41:26","README.md","C:\Users\user\Desktop\保管庫\ユニコの脳みそ\00\小説朗読\README.md"
"2026/01/26 17:37:22","2026-01-05_小説朗読.md","C:\Users\user\Desktop\保管庫\ユニコの脳みそ\00\小説朗読\2026-01-05_小説朗読.md"
"2026/01/26 17:28:13","このまま信じ続けるなら、あなたは恋人ではなく保留箱になります.txt","C:\Users\user\Desktop\このまま信じ続けるなら、あなたは恋人ではなく保留箱になります.txt"
"2026/01/26 17:28:07","その不安は直感だ あなたは見ないふりで自分を裏切っている.txt","C:\Users\user\Desktop\その不安は直感だ あなたは見ないふりで自分を裏切っている.txt"
"2026/01/26 17:27:57","この扉の前で、足元に「あるモノ」が落ちていました。.txt","C:\Users\user\Desktop\この扉の前で、足元に「あるモノ」が落ちていました。.txt"
"2026/01/26 16:21:41","投稿動画作成","C:\Users\user\Desktop\鑑定\いずみきょうか\投稿動画作成"
"2026/01/26 16:21:41","プロンプト.txt","C:\Users\user\Desktop\鑑定\いずみきょうか\投稿動画作成\プロンプト.txt"
"2026/01/26 16:21:41","X.LINE","C:\Users\user\Desktop\SNSツール\開発\X.LINE"
"2026/01/26 16:21:41",".env.txt","C:\Users\user\Desktop\SNSツール\開発\X.LINE\.env.txt"
"2026/01/25 9:54:18","新しいフォルダー (3)","C:\Users\user\Desktop\新しいフォルダー (3)"
"2026/01/24 12:37:07","screenshot-20260124-123705.png","C:\Users\user\Desktop\screenshot-20260124-123705.png"
"2026/01/24 12:25:10","AutoAccept","C:\Users\user\Desktop\保管庫\ユニコの脳みそ\00\AutoAccept"
"2026/01/24 12:25:10","screenshot-20260107-165630.png","C:\Users\user\Desktop\保管庫\ユニコの脳みそ\00\AutoAccept\screenshot-20260107-165630.png"
"2026/01/24 12:25:06","accept_button.png","C:\Users\user\Desktop\保管庫\ユニコの脳みそ\00\AutoAccept\accept_button.png"
"2026/01/24 12:22:28","screenshot-20260124-122113.png","C:\Users\user\Desktop\screenshot-20260124-122113.png"
"2026/01/24 12:21:44","screenshot-20260124-122143.png","C:\Users\user\Desktop\screenshot-20260124-122143.png"
"2026/01/24 12:21:32","screenshot-20260124-122130.png","C:\Users\user\Desktop\screenshot-20260124-122130.png"
"2026/01/22 16:34:20","琴音様　復縁鑑定.txt","C:\Users\user\Desktop\琴音様　復縁鑑定.txt"
"2026/01/22 15:58:45","screenshot-20260122-123217.png","C:\Users\user\Desktop\screenshot-20260122-123217.png"
"2026/01/22 15:25:40","琴音様.pdf","C:\Users\user\Desktop\琴音様.pdf"
"2026/01/22 15:19:23","琴音様.pptx","C:\Users\user\Desktop\琴音様.pptx"
"2026/01/22 14:47:04","鑑定","C:\Users\user\Desktop\鑑定"
"2026/01/22 14:47:04","鑑定書　九条結玄.pptx","C:\Users\user\Desktop\鑑定\鑑定書　九条結玄.pptx"
"2026/01/22 12:36:34","00","C:\Users\user\Desktop\保管庫\ユニコの脳みそ\00"
"2026/01/22 12:36:34","LINE_Step_Construction_Theory_Deep_Log.md","C:\Users\user\Desktop\保管庫\ユニコの脳みそ\00\LINE_Step_Construction_Theory_Deep_Log.md"
"2026/01/22 12:33:24","screenshot-20260122-123323.png","C:\Users\user\Desktop\screenshot-20260122-123323.png"
"2026/01/22 12:33:09","screenshot-20260122-123307.png","C:\Users\user\Desktop\screenshot-20260122-123307.png"
"2026/01/22 12:32:37","screenshot-20260122-123235.png","C:\Users\user\Desktop\screenshot-20260122-123235.png"
"2026/01/21 17:01:25","復縁を匂わせるのは、あなたがまだ自分の物だと確認したいからです.txt","C:\Users\user\Desktop\復縁を匂わせるのは、あなたがまだ自分の物だと確認したいからです.txt"
"2026/01/21 17:01:18","返信が遅いのに信じ続けるのは直感を裏切る習慣だ.txt","C:\Users\user\Desktop\返信が遅いのに信じ続けるのは直感を裏切る習慣だ.txt"
"2026/01/21 17:01:12","扉の先で何を拾う想像.txt","C:\Users\user\Desktop\扉の先で何を拾う想像.txt"
"2026/01/21 15:28:16","閲覧注意 失う恐怖の本性.txt","C:\Users\user\Desktop\閲覧注意 失う恐怖の本性.txt"
"2026/01/21 14:00:15","占いストーリーズGPT.txt","C:\Users\user\Desktop\占いストーリーズGPT.txt"
"2026/01/21 13:59:40","心理テスト動画GPT.txt","C:\Users\user\Desktop\心理テスト動画GPT.txt"
"2026/01/21 13:59:04","オラクル動画GPT.txt","C:\Users\user\Desktop\オラクル動画GPT.txt"
"2026/01/19 17:06:34","iosアプリで　ことせかい　と言う　小説家になろう　や　カクヨム　など.md","C:\Users\user\Desktop\iosアプリで　ことせかい　と言う　小説家になろう　や　カクヨム　など.md"
"2026/01/19 16:59:09","クラウドワークスでAIを使って稼ぐ方法.md","C:\Users\user\Desktop\クラウドワークスでAIを使って稼ぐ方法.md"
"2026/01/19 14:02:24","092-640x336.jpg","C:\Users\user\Desktop\092-640x336.jpg"
"2026/01/16 15:43:05","【day4】elevenlabsで表現豊かなセリフを言うGPTs（Gem）を作ろう.docx","C:\Users\user\Desktop\【day4】elevenlabsで表現豊かなセリフを言うGPTs（Gem）を作ろう.docx"
"2026/01/16 15:42:53","作成中","C:\Users\user\Desktop\作成中"
"2026/01/16 15:41:59","Gemini_Generated_Image_2slx7d2slx7d2slx.png","C:\Users\user\Desktop\Gemini_Generated_Image_2slx7d2slx7d2slx.png"
"2026/01/16 15:41:48","generated_Manga.html","C:\Users\user\Desktop\generated_Manga.html"
"2026/01/16 15:41:40","Naked_Strategy_Pro_溺愛.html","C:\Users\user\Desktop\Naked_Strategy_Pro_溺愛.html"
"2026/01/16 15:41:35","Strategy_Bible (1).html","C:\Users\user\Desktop\Strategy_Bible (1).html"
"2026/01/16 15:41:29","Strategy_Bible.html","C:\Users\user\Desktop\Strategy_Bible.html"
"2026/01/16 15:41:22","Winning_Strategy_溺愛 (1).html","C:\Users\user\Desktop\Winning_Strategy_溺愛 (1).html"
"2026/01/16 15:41:13","Winning_Strategy_溺愛.html","C:\Users\user\Desktop\Winning_Strategy_溺愛.html"
"2026/01/16 15:40:31","2026","C:\Users\user\Desktop\2026"
"2026/01/16 15:33:16","screenshot-20260115-171857.png","C:\Users\user\Desktop\screenshot-20260115-171857.png"
"2026/01/16 15:27:33","20260114113027.mp4","C:\Users\user\Desktop\20260114113027.mp4"
"2026/01/16 15:12:13","LINEｽﾃｯﾌﾟの構築について　下記を参考に　議論　深堀りして.md","C:\Users\user\Desktop\LINEｽﾃｯﾌﾟの構築について　下記を参考に　議論　深堀りして.md"
"2026/01/16 14:19:39","コンテンツへとスキップする.md","C:\Users\user\Desktop\コンテンツへとスキップする.md"
"2026/01/16 13:48:58","G-tHk9TaQAARy7d.jpg","C:\Users\user\Desktop\G-tHk9TaQAARy7d.jpg"
"2026/01/15 17:34:31","新しいフォルダー (2)","C:\Users\user\Desktop\ブラソム特約店\行政\新しいフォルダー\新しいフォルダー (2)"
"2026/01/15 17:34:31","恋愛教育とLCIQ：日本の恋愛スキル向上への道.pdf","C:\Users\user\Desktop\ブラソム特約店\行政\新しいフォルダー\新しいフォルダー (2)\恋愛教育とLCIQ：日本の恋愛スキル向上への道.pdf"
"2026/01/14 16:36:53","恋愛偏差値（LCIQ）","C:\Users\user\Desktop\保管庫\ユニコの脳みそ\00\恋愛偏差値（LCIQ）"
"2026/01/14 16:36:53","2025-12-26_LCIQ完全攻略マスターバイブル.md","C:\Users\user\Desktop\保管庫\ユニコの脳みそ\00\恋愛偏差値（LCIQ）\2025-12-26_LCIQ完全攻略マスターバイブル.md"
"2026/01/14 16:36:46","02_自治体向け少子化対策導入モデル.md","C:\Users\user\Desktop\保管庫\ユニコの脳みそ\00\恋愛偏差値（LCIQ）\02_自治体向け少子化対策導入モデル.md"
"2026/01/14 16:36:41","01_法人向けLCIQ研修プログラム提案書.md","C:\Users\user\Desktop\保管庫\ユニコの脳みそ\00\恋愛偏差値（LCIQ）\01_法人向けLCIQ研修プログラム提案書.md"
"2026/01/14 16:36:36","01_LCIQ診断ツール詳細設計書.md","C:\Users\user\Desktop\保管庫\ユニコの脳みそ\00\恋愛偏差値（LCIQ）\01_LCIQ診断ツール詳細設計書.md"
"2026/01/14 16:36:30","00_LCIQ全体設計書.md","C:\Users\user\Desktop\保管庫\ユニコの脳みそ\00\恋愛偏差値（LCIQ）\00_LCIQ全体設計書.md"
"2026/01/14 15:10:21","ユニコ.pdf","C:\Users\user\Desktop\ユニコ.pdf"
"2026/01/14 14:46:48","love-1808676_1280-815x630.jpg","C:\Users\user\Desktop\love-1808676_1280-815x630.jpg"
"2026/01/14 13:48:00","6-4-6-1200x630.jpg","C:\Users\user\Desktop\6-4-6-1200x630.jpg"
"2026/01/14 13:22:00","恋愛OSの設計図.pdf","C:\Users\user\Desktop\恋愛OSの設計図.pdf"
"2026/01/14 11:05:06","Image20260114110502.jpg","C:\Users\user\Desktop\Image20260114110502.jpg"
"2026/01/13 15:38:03","ツールWEB化","C:\Users\user\Desktop\ツールWEB化"
"2026/01/13 15:38:03","pythonツールWEBツール化計画.md","C:\Users\user\Desktop\ツールWEB化\pythonツールWEBツール化計画.md"
"2026/01/13 11:20:43","名称未設定のデザイン (4).png","C:\Users\user\Desktop\名称未設定のデザイン (4).png"
"2026/01/13 11:20:05","20260112150312.mp4","C:\Users\user\Desktop\20260112150312.mp4"
"2026/01/13 11:19:58","ピンク　パープル　女性　提案　資料　プレゼンテーション (1).zip","C:\Users\user\Desktop\ピンク　パープル　女性　提案　資料　プレゼンテーション (1).zip"
"2026/01/13 11:19:44","ピンク　パープル　女性　提案　資料　プレゼンテーション (2).zip","C:\Users\user\Desktop\ピンク　パープル　女性　提案　資料　プレゼンテーション (2).zip"
"2026/01/13 11:18:51","ベク","C:\Users\user\Desktop\ベク"
"2026/01/13 11:15:33","RKHIKARI様.pptx","C:\Users\user\Desktop\RKHIKARI様.pptx"
"2026/01/11 22:27:18","RKHIKARI様.pdf","C:\Users\user\Desktop\RKHIKARI様.pdf"
"2026/01/11 21:58:37","鑑定書　つくよみるな - コピー.pptx","C:\Users\user\Desktop\鑑定\鑑定書　つくよみるな - コピー.pptx"
"2026/01/10 0:01:22","（コミカライズ予定です）俺自身には何の力もないけれど、スキル＜統べる者＞で最強に。裏切った連中が落ちぶれているが知ったことか！","C:\Users\user\Desktop\保管庫\ユニコの脳みそ\00\小説朗読\For_iPhone\（コミカライズ予定です）俺自身には何の力もないけれど、スキル＜統べる者＞で最強に。裏切った連中が落ちぶれているが知ったことか！"
"2026/01/10 0:01:22","001_始まりの時.mp3","C:\Users\user\Desktop\保管庫\ユニコの脳みそ\00\小説朗読\For_iPhone\（コミカライズ予定です）俺自身には何の力もないけれど、スキル＜統べる者＞で最強に。裏切った連中が落ちぶれているが知ったことか！\001_始まりの時.mp3"
"2026/01/09 17:38:42","【書籍・漫画化】転生薬師は迷宮都市育ち","C:\Users\user\Desktop\保管庫\ユニコの脳みそ\00\小説朗読\Master_Library\【書籍・漫画化】転生薬師は迷宮都市育ち"
"2026/01/09 17:38:42","001_プロローグ.mp3","C:\Users\user\Desktop\保管庫\ユニコの脳みそ\00\小説朗読\Master_Library\【書籍・漫画化】転生薬師は迷宮都市育ち\001_プロローグ.mp3"
"2026/01/09 17:17:03","転生したら奴隷だったので人生絶望的かと思ったけれど豪運スキルをきっかけになんだかんだうまくやれてます","C:\Users\user\Desktop\保管庫\ユニコの脳みそ\00\小説朗読\Master_Library\転生したら奴隷だったので人生絶望的かと思ったけれど豪運スキルをきっかけになんだかんだうまくやれてます"
"2026/01/09 17:16:42","現代ダンジョン発生初日。世界がパニックになる中、俺だけが攻略wikiの知識で最強ビルドを試している～将来のSSS級探索者？ ああ、全員俺の弟子です～","C:\Users\user\Desktop\保管庫\ユニコの脳みそ\00\小説朗読\Master_Library\現代ダンジョン発生初日。世界がパニックになる中、俺だけが攻略wikiの知識で最強ビルドを試している～将来のSSS級探索者？ ああ、全員俺の弟子です～"
"2026/01/09 16:35:09","074_第73話　灰色の残業手当と新宿最終防衛線.mp3","C:\Users\user\Desktop\保管庫\ユニコの脳みそ\00\小説朗読\Master_Library\転生陰陽師は平穏に暮らしたい ～神の子と呼ばれたサラリーマン、最強すぎてスローライフ計画が崩壊寸前～\074_第73話　灰色の残業手当と新宿最終防衛線.mp3"
"2026/01/09 16:34:48","100_100.Ｆランク依頼.mp3","C:\Users\user\Desktop\保管庫\ユニコの脳みそ\00\小説朗読\Master_Library\転生したら奴隷だったので人生絶望的かと思ったけれど豪運スキルをきっかけになんだかんだうまくやれてます\100_100.Ｆランク依頼.mp3"
"2026/01/09 16:34:43","101_101.引き寄せる.mp3","C:\Users\user\Desktop\保管庫\ユニコの脳みそ\00\小説朗読\Master_Library\転生したら奴隷だったので人生絶望的かと思ったけれど豪運スキルをきっかけになんだかんだうまくやれてます\101_101.引き寄せる.mp3"
"2026/01/09 16:34:21","054_第34話　視界の革命と黒き追放者たちの夜明け.mp3","C:\Users\user\Desktop\保管庫\ユニコの脳みそ\00\小説朗読\Master_Library\現代ダンジョン発生初日。世界がパニックになる中、俺だけが攻略wikiの知識で最強ビルドを試している～将来のSSS級探索者？ ああ、全員俺の弟子です～\054_第34話　視界の革命と黒き追放者たちの夜明け.mp3"
"2026/01/09 16:34:15","053_第33話　神話の金床と国家の野望、あるいは産業革命の夜明け.mp3","C:\Users\user\Desktop\保管庫\ユニコの脳みそ\00\小説朗読\Master_Library\現代ダンジョン発生初日。世界がパニックになる中、俺だけが攻略wikiの知識で最強ビルドを試している～将来のSSS級探索者？ ああ、全員俺の弟子です～\053_第33話　神話の金床と国家の野望、あるいは産業革命の夜明け.mp3"
"2026/01/09 16:34:07","052_第32話　市場の覚醒と狂乱のオークション会場.mp3","C:\Users\user\Desktop\保管庫\ユニコの脳みそ\00\小説朗読\Master_Library\現代ダンジョン発生初日。世界がパニックになる中、俺だけが攻略wikiの知識で最強ビルドを試している～将来のSSS級探索者？ ああ、全員俺の弟子です～\052_第32話　市場の覚醒と狂乱のオークション会場.mp3"
"2026/01/09 16:33:59","044_ネットの反応22話ぐらい.mp3","C:\Users\user\Desktop\保管庫\ユニコの脳みそ\00\小説朗読\Master_Library\現代ダンジョン発生初日。世界がパニックになる中、俺だけが攻略wikiの知識で最強ビルドを試している～将来のSSS級探索者？ ああ、全員俺の弟子です～\044_ネットの反応22話ぐらい.mp3"
"2026/01/09 16:33:53","055_ネットの反応31話ぐらい.mp3","C:\Users\user\Desktop\保管庫\ユニコの脳みそ\00\小説朗読\Master_Library\現代ダンジョン発生初日。世界がパニックになる中、俺だけが攻略wikiの知識で最強ビルドを試している～将来のSSS級探索者？ ああ、全員俺の弟子です～\055_ネットの反応31話ぐらい.mp3"
"2026/01/09 16:33:32","101_51「レダ対ジール」④.mp3","C:\Users\user\Desktop\保管庫\ユニコの脳みそ\00\小説朗読\Master_Library\おっさん底辺治癒士と愛娘の辺境ライフ　?中年男が回復スキルに覚醒して、英雄へ成り上がる?\101_51「レダ対ジール」④.mp3"
"2026/01/09 16:33:25","100_50「レダ対ジール」③.mp3","C:\Users\user\Desktop\保管庫\ユニコの脳みそ\00\小説朗読\Master_Library\おっさん底辺治癒士と愛娘の辺境ライフ　?中年男が回復スキルに覚醒して、英雄へ成り上がる?\100_50「レダ対ジール」③.mp3"
"2026/01/09 16:32:47","101_大人達の配慮.mp3","C:\Users\user\Desktop\保管庫\ユニコの脳みそ\00\小説朗読\Master_Library\【書籍・漫画化】転生薬師は迷宮都市育ち\101_大人達の配慮.mp3"
"2026/01/09 16:32:41","100_誘拐の後始末3.mp3","C:\Users\user\Desktop\保管庫\ユニコの脳みそ\00\小説朗読\Master_Library\【書籍・漫画化】転生薬師は迷宮都市育ち\100_誘拐の後始末3.mp3"
"2026/01/09 16:32:35","099_誘拐の後始末2.mp3","C:\Users\user\Desktop\保管庫\ユニコの脳みそ\00\小説朗読\Master_Library\【書籍・漫画化】転生薬師は迷宮都市育ち\099_誘拐の後始末2.mp3"
"2026/01/09 16:32:22","926_孤児の指導検討2.mp3","C:\Users\user\Desktop\保管庫\ユニコの脳みそ\00\小説朗読\Master_Library\【書籍・漫画化】転生薬師は迷宮都市育ち\926_孤児の指導検討2.mp3"
"2026/01/09 16:26:43","80f65030-76a4-4344-b7c0-e4b805d10bc8.png","C:\Users\user\Desktop\80f65030-76a4-4344-b7c0-e4b805d10bc8.png"
"2026/01/09 16:10:20","80f65030-76a4-4344-b7c0-e4b805d10bc8.avif","C:\Users\user\Desktop\80f65030-76a4-4344-b7c0-e4b805d10bc8.avif"
"2026/01/09 16:02:59","GPTｓ","C:\Users\user\Desktop\ナレッジ、資料\GPTｓ"
"2026/01/09 12:21:37","screenshot-20260108-154409.png","C:\Users\user\Desktop\screenshot-20260108-154409.png"
"2026/01/08 17:41:06","SNS自動化戦略","C:\Users\user\Desktop\保管庫\ユニコの脳みそ\00\SNS自動化戦略"
"2026/01/08 17:41:06","SNS自動化システム_構築キット.md","C:\Users\user\Desktop\保管庫\ユニコの脳みそ\00\SNS自動化戦略\SNS自動化システム_構築キット.md"
"2026/01/08 17:09:55","インスタコメント返信投稿予約","C:\Users\user\Desktop\インスタコメント返信投稿予約"
"2026/01/08 17:09:55","FEATURES.md","C:\Users\user\Desktop\インスタコメント返信投稿予約\FEATURES.md"
"2025/12/25 16:39:46","新しいフォルダー (2)","C:\Users\user\Desktop\新しいフォルダー (2)"
"2025/12/23 15:28:01","保管庫","C:\Users\user\Desktop\保管庫"
"2025/12/23 10:48:34","PDFtool","C:\Users\user\Desktop\PDFtool"
"2025/12/23 1:37:10","保管庫","C:\Users\user\Desktop\保管庫"
"2025/12/23 0:43:46","ユニコの脳みそ","C:\Users\user\Desktop\ユニコの脳みそ\ユニコの脳みそ"
"2025/12/23 0:03:28","ユニコの脳みそ","C:\Users\user\Desktop\ユニコの脳みそ"
"2025/12/22 17:00:50","ツールWEB化","C:\Users\user\Desktop\ツールWEB化"
"2025/12/22 10:07:26","潜在意識講座","C:\Users\user\Desktop\潜在意識講座"
"2025/12/18 14:20:13","LCIQ","C:\Users\user\Desktop\LCIQ"
"2025/12/17 20:28:27","トレンドブログ作成","C:\Users\user\Desktop\トレンドブログ作成"
"2025/12/16 12:25:15","extension","C:\Users\user\Desktop\GPTｓ分類ツール\extension"
"2025/12/15 18:54:39","discord-chat-exporter-extension","C:\Users\user\Desktop\ディスコード保存\discord-chat-exporter-extension"
"2025/12/15 16:39:30","discord-chat-exporter-extension","C:\Users\user\Desktop\ディスコード保存\discord-chat-exporter-extension"
"2025/12/15 16:16:02","discord-chat-exporter-extension","C:\Users\user\Desktop\ディスコード保存\discord-chat-exporter-extension"
"2025/12/15 11:48:24","潜在意識講座","C:\Users\user\Desktop\潜在意識講座"
"2025/12/15 11:39:08","写真画質改善","C:\Users\user\Desktop\写真画質改善"
"2025/12/13 21:14:12","インスタ分析","C:\Users\user\Desktop\インスタ分析"
"2025/12/13 20:44:38","インスタコメント返信投稿予約","C:\Users\user\Desktop\インスタコメント返信投稿予約"
"2025/12/13 20:38:55","インスタコメント返信投稿予約","C:\Users\user\Desktop\インスタコメント返信投稿予約"
"2025/12/13 20:26:00","ココナラnote競合","C:\Users\user\Desktop\ココナラnote競合"
"2025/12/12 17:44:28","extension","C:\Users\user\Desktop\GPTｓ分類ツール\extension"
"2025/12/12 16:23:50","Xスレッズ自動投稿","C:\Users\user\Desktop\Xスレッズ自動投稿"
"2025/12/12 12:15:29","NOTE投稿ツール","C:\Users\user\Desktop\NOTE投稿ツール"
"2025/12/11 16:14:24","extension","C:\Users\user\Desktop\GPTｓ分類ツール\extension"
"2025/12/11 14:18:20","GPTｓ分類ツール","C:\Users\user\Desktop\GPTｓ分類ツール"
"2025/12/10 16:49:17","GPTｓ分類ツール","C:\Users\user\Desktop\GPTｓ分類ツール"
"2025/12/09 17:12:07","保管庫","C:\Users\user\Desktop\保管庫"
"2025/12/09 14:32:11","美容","C:\Users\user\Desktop\美容"
"2025/12/07 17:20:59","マネキャット","C:\Users\user\Desktop\マネキャット"
"2025/12/05 15:51:00","自動更新型メンバーページ","C:\Users\user\Desktop\自動更新型メンバーページ"
"2025/12/01 15:11:07","式神珠","C:\Users\user\Desktop\式神珠"
"2025/11/30 18:03:13","data","C:\Users\user\Desktop\data"
"2025/11/28 15:29:30","Kindle Monitor Pro","C:\Users\user\Desktop\Kindle Monitor Pro"
